customerID,firstName,lastName,birthdate,gender,email,phoneNumber,city,country
1,Wendeline,Blackah,1/28/1946,Female,wblackah0@ted.com,(809) 2476583,Telouet,Morocco
2,Lena,Bonnar,4/30/1961,Female,lbonnar1@mac.com,(904) 4879171,Xinfeng,China
3,Bogart,Dobney,9/24/1954,Male,bdobney2@deviantart.com,(982) 6432935,Putat Lor,Indonesia
4,Lona,Thandi,7/22/1938,Female,lthandi3@mozilla.org,(686) 3245031,Tenancingo,El Salvador
5,Felice,Stallybrass,4/26/2004,Male,fstallybrass4@blogger.com,(751) 9631775,Henglian,China
6,Netty,Greasley,1/20/2004,Female,ngreasley5@nsw.gov.au,(398) 9936254,Mozhaysk,Russia
7,Amitie,Pirnie,7/30/1941,Female,apirnie6@networkadvertising.org,(759) 6839723,Watuweri,Indonesia
8,Fenelia,Himsworth,1927-06-08,Female,fhimsworth7@abc.net.au,(967) 3824020,Tabatinga,Brazil
9,Dorice,Messitt,2006-09-03,Female,dmessitt8@merriam-webster.com,(848) 4148617,Temirtau,Kazakhstan
10,Gaylene,Banford,10/25/1985,Female,gbanford9@so-net.ne.jp,(168) 2678707,Plavsk,Russia
11,Araldo,Lauritzen,9/14/1983,Male,alauritzena@hostgator.com,(455) 9480406,Quetzaltenango,Guatemala
12,Gilbert,Philliphs,5/29/1923,Male,gphilliphsb@mapy.cz,(862) 8611712,Coromandel,Brazil
13,Shaun,Mirrlees,4/20/1941,Male,smirrleesc@tripod.com,(813) 8388647,Sabugo,Portugal
14,Mikael,Dopson,5/13/1968,Male,mdopsond@scribd.com,(164) 3220506,Tambalisa,Philippines
15,Katrinka,Arderne,5/13/1951,Female,kardernee@blog.com,(140) 2373058,Donglu,China
16,Brodie,Luter,11/20/2004,Male,bluterf@virginia.edu,(213) 9627698,Zhishan,China
17,Mil,Gunter,11/25/1970,Female,mgunterg@loc.gov,(149) 6438156,Bogot? ,Colombia
18,Faina,MacClay,9/14/2004,Female,fmacclayh@ted.com,(102) 9266017,Boyeros,Cuba
19,Leila,Corrington,1967-01-09,Female,lcorringtoni@shareasale.com,(629) 4464407,Lindi,Tanzania
20,Dorothea,Betterton,9/29/1966,Female,dbettertonj@tripod.com,(595) 6584542,Huilong,China
21,Noel,Santorini,7/27/1981,Male,nsantorinik@japanpost.jp,(121) 5716031,Lobos,Argentina
22,Jereme,Sains,1/13/1986,Male,jsainsl@cnet.com,(944) 2039670,Miaoxi,China
23,Rosabella,Macklin,2001-02-11,Female,rmacklinm@mit.edu,(674) 4531382,Caseros,Argentina
24,Alexia,Gummary,1923-06-10,Female,agummaryn@hatena.ne.jp,(780) 4739944,Xinsheng,China
25,Lowe,Webby,2/14/1964,Male,lwebbyo@spiegel.de,(267) 4300386,Lampa,Peru
26,Rowan,Hadwin,12/28/1926,Male,rhadwinp@ox.ac.uk,(534) 2512833,Qingshandi,China
27,Quill,Bowker,4/15/1938,Male,qbowkerq@scribd.com,(791) 6681980,Jembatandua,Indonesia
28,Malinde,Huws,7/22/1982,Female,mhuwsr@mit.edu,(864) 1040331,Qidu,China
29,Orton,Wheatley,1966-09-07,Male,owheatleys@free.fr,(816) 1336661,Wangsi,China
30,Artemis,Halsall,1934-08-08,Male,ahalsallt@cafepress.com,(880) 2668642,Bromma,Sweden
31,Chad,Bartholin,6/30/1973,Female,cbartholinu@samsung.com,(749) 6552772,Jibu Hulangtu,China
32,Christos,Moreing,5/27/1968,Male,cmoreingv@army.mil,(225) 5549575,Songnan,China
33,Parsifal,Tangye,1973-08-01,Male,ptangyew@gnu.org,(624) 5662846,Warsaw,Poland
34,Kleon,Sambrook,6/15/1963,Male,ksambrookx@amazon.com,(238) 8576838,Shiling,China
35,Magdalen,McConaghy,12/30/1959,Female,mmcconaghyy@zimbio.com,(130) 9262751,Dabat,Ethiopia
36,Lorin,Guilleton,1948-02-04,Male,lguilletonz@huffingtonpost.com,(474) 5995930,Francisco J Mujica,Mexico
37,Llewellyn,Sawforde,6/28/1934,Male,lsawforde10@microsoft.com,(466) 8715196,Gothenburg ,Sweden
38,Woodie,Pollicatt,3/28/1956,Male,wpollicatt11@uiuc.edu,(745) 2121386,Petrolera,Mexico
39,Farrah,Revely,1972-03-11,Female,frevely12@issuu.com,(169) 5704975,Maynila,Philippines
40,Emmit,Bensusan,1/28/1999,Male,ebensusan13@bandcamp.com,(319) 1744002,Usquil,Peru
41,Devin,Lorenc,1946-11-09,Male,dlorenc14@bigcartel.com,(276) 4686935,Gikongoro,Rwanda
42,Kylen,Solesbury,9/27/1966,Female,ksolesbury15@behance.net,(178) 1182240,Guantang,China
43,Rhett,Bolland,1/19/1993,Male,rbolland16@state.tx.us,(581) 7284395,Ciudad Bolivia,Venezuela
44,Gannon,Bispo,6/20/1980,Male,gbispo17@washingtonpost.com,(591) 2416194,Warsaw,Poland
45,Sinclair,Mc-Kerley,11/29/2006,Male,smckerley18@whitehouse.gov,(886) 6382740,Jinchuan,China
46,Madella,Dyball,3/17/1930,Female,mdyball19@ustream.tv,(123) 6114056,Anle,China
47,Rinaldo,Mitchenson,11/19/1960,Male,rmitchenson1a@mysql.com,(420) 9744561,Hengshui,China
48,Sammie,Simeoni,5/28/1978,Male,ssimeoni1b@cbslocal.com,(788) 5250510,Arcueil,France
49,Jeannine,Luxford,7/24/1985,Female,jluxford1c@yahoo.com,(601) 5689211,Mijiang,China
50,Jillene,Kaubisch,4/19/1928,Female,jkaubisch1d@phpbb.com,(667) 7826342,Suleja,Nigeria
51,Husein,Potapczuk,6/15/1985,Male,hpotapczuk1e@yandex.ru,(909) 9517799,Grazhdanka,Russia
52,Normie,Loosmore,1926-09-03,Male,nloosmore1f@un.org,(515) 3505037,Sauri,Nigeria
53,Sterne,MacDiarmid,1958-05-11,Male,smacdiarmid1g@pagesperso-orange.fr,(561) 7653709,Zhavoronki,Russia
54,Fraze,Richford,7/17/1958,Male,frichford1h@wired.com,(146) 3291475,Brescia,Italy
55,Roxana,McCuthais,9/14/1963,Female,rmccuthais1i@sciencedirect.com,(251) 1982390,Bella Vista,Paraguay
56,Alex,Heardman,4/19/1995,Male,aheardman1j@fda.gov,(224) 2107660,San Carlos,Peru
57,Durand,Pieche,1991-01-03,Male,dpieche1k@wunderground.com,(102) 4107023,Mandeni,South Africa
58,Sean,Troake,3/23/1951,Male,stroake1l@biglobe.ne.jp,(528) 6187638,Cruz de los Milagros,Argentina
59,Whit,Hindenburg,4/24/1939,Male,whindenburg1m@fc2.com,(380) 9438746,Tambo,Philippines
60,Jonas,Lewton,12/19/1967,Male,jlewton1n@goodreads.com,(607) 3010673,Heitan,China
61,Kennan,Sparke,1968-06-09,Male,ksparke1o@foxnews.com,(743) 5606445,Emmen,Netherlands
62,Carmine,Meric,4/21/1982,Male,cmeric1p@netvibes.com,(730) 1727004,Yamethin,Myanmar
63,Huey,Leirmonth,3/15/1941,Male,hleirmonth1q@theglobeandmail.com,(661) 3970223,Manacsac,Philippines
64,Cristi,Matiashvili,5/22/1964,Female,cmatiashvili1r@senate.gov,(982) 1731847,Campaka,Indonesia
65,Guglielmo,Cicci,3/31/1936,Male,gcicci1s@networksolutions.com,(932) 1820133,Levoberezhnaya,Russia
66,Carleton,Cordero,11/25/1983,Male,ccordero1t@miibeian.gov.cn,(984) 4298107,Iznoski,Russia
67,Prince,Poundford,9/26/1960,Male,ppoundford1u@cocolog-nifty.com,(467) 7267604,Dillenburg,Germany
68,Alex,Sillitoe,12/30/1924,Female,asillitoe1v@ucsd.edu,(237) 9731202,Wilwerwiltz,Luxembourg
69,Willie,Stukings,1/16/1978,Male,wstukings1w@sourceforge.net,(133) 5383722,Tumbagaan,Philippines
70,Elberta,Miall,1/23/1974,Female,emiall1x@fema.gov,(233) 5060084,Cintawana,Indonesia
71,Randi,Yanuk,9/16/1977,Female,ryanuk1y@123-reg.co.uk,(781) 3582894,Rappang,Indonesia
72,Joete,Grigolon,1948-07-03,Female,jgrigolon1z@qq.com,(900) 4516603,Baracatan,Philippines
73,Alphard,Hudless,12/15/1967,Male,ahudless20@wisc.edu,(374) 8930413,Gaojialing,China
74,Abelard,Halms,9/28/2004,Male,ahalms21@businessweek.com,(607) 4444949,Murici,Brazil
75,Winni,Lait,10/25/1969,Female,wlait22@bloglovin.com,(196) 4722479,Campoalegre,Colombia
76,Husain,Dalglish,2004-12-02,Male,hdalglish23@cnet.com,(314) 7766855,Borovichi,Russia
77,Alfredo,Van Der Hoog,1940-04-02,Male,avanderhoog24@myspace.com,(470) 9541833,Steinkjer,Norway
78,Tania,Glenister,1950-04-07,Female,tglenister25@wikimedia.org,(907) 7565621,Yokotemachi,Japan
79,Adrien,Shillito,11/24/1942,Male,ashillito26@marketwatch.com,(592) 5765523,Wonokromo,Indonesia
80,Felike,Coldham,2007-03-02,Male,fcoldham27@ted.com,(698) 2460382,Nizhnekamsk,Russia
81,Angel,Poulden,3/22/1981,Male,apoulden28@cocolog-nifty.com,(857) 3755418,Manhete,Portugal
82,Agnella,Leidecker,1946-08-06,Female,aleidecker29@army.mil,(862) 1340904,Cerenti,Indonesia
83,Arri,Stockley,3/15/2002,Male,astockley2a@theguardian.com,(982) 3401886,Pahārpur,Pakistan
84,Leticia,Caudwell,2001-10-05,Female,lcaudwell2b@technorati.com,(600) 3148675,Manta,Ecuador
85,Angelika,Cullotey,1956-04-03,Female,acullotey2c@ebay.com,(593) 4960317,Saransk,Russia
86,Brice,Martinho,6/15/1975,Male,bmartinho2d@wikia.com,(751) 1359419,Tadine,New Caledonia
87,Gris,Spatoni,1983-06-04,Male,gspatoni2e@foxnews.com,(389) 7506666,Alverca do Ribatejo,Portugal
88,Welsh,Poltun,7/14/2002,Male,wpoltun2f@myspace.com,(796) 7233332,Combita,Colombia
89,Ignacio,Tomaini,1960-08-11,Male,itomaini2g@usa.gov,(552) 1667111,Ishimbay,Russia
90,Jermayne,Niblo,1927-01-01,Male,jniblo2h@walmart.com,(251) 3413345,Banho e Carvalhosa,Portugal
91,Kristien,Hedgecock,1925-01-08,Female,khedgecock2i@technorati.com,(395) 4592273,Macau,China
92,Rupert,MacDougal,1/28/1997,Male,rmacdougal2j@ft.com,(868) 9031179,Cajazeiras,Brazil
93,Erena,Cable,8/13/2006,Female,ecable2k@taobao.com,(817) 8969548,Rouen,France
94,Rickert,Beckingham,1948-02-12,Male,rbeckingham2l@goodreads.com,(126) 4140469,Barreirinhas,Brazil
95,Josephina,Asch,12/15/1950,Female,jasch2m@myspace.com,(123) 1524061,Lofos,Greece
96,Odey,Rakestraw,5/22/1974,Male,orakestraw2n@dailymotion.com,(590) 1283028,Pojok,Indonesia
97,Reinald,Brimilcombe,1985-01-01,Male,rbrimilcombe2o@lycos.com,(637) 4770575,Kos,Greece
98,Gelya,Desaur,10/24/1958,Female,gdesaur2p@businesswire.com,(290) 9932061,Karachi,Pakistan
99,Ossie,Imm,10/29/1952,Female,oimm2q@dropbox.com,(704) 3097650,Stockholm,Sweden
100,Felisha,Durrington,1952-10-09,Female,fdurrington2r@whitehouse.gov,(555) 9637816,Shiziqiao,China
101,Georgia,Wondraschek,1974-02-04,Female,gwondraschek2s@delicious.com,(710) 8116129,Moscow,Russia
102,Bear,Hearthfield,10/14/1937,Male,bhearthfield2t@squarespace.com,(246) 1430160,Pendawanbaru,Indonesia
103,Callean,Perillo,1999-01-04,Male,cperillo2u@51.la,(326) 1710116,Karachi,Pakistan
104,Esma,Wadie,6/27/1960,Female,ewadie2v@yelp.com,(392) 7423731,Mojoagung,Indonesia
105,Kerry,Wayne,1944-04-07,Male,kwayne2w@zdnet.com,(873) 3409708,Surovikino,Russia
106,Peg,MacKaile,6/21/1934,Female,pmackaile2x@telegraph.co.uk,(305) 4607721,Miami,United States
107,Frank,Balcon,2/17/1962,Male,fbalcon2y@state.tx.us,(947) 4085807,Paraíba do Sul,Brazil
108,Dido,Goodreid,1/29/1933,Male,dgoodreid2z@sun.com,(766) 6337342,Gading,Indonesia
109,Ronalda,Lesser,10/23/2005,Female,rlesser30@geocities.com,(433) 3036658,Schiedam postbusnummers,Netherlands
110,Stacee,Mallaby,6/23/1967,Female,smallaby31@weibo.com,(981) 3657984,Rosario,Argentina
111,Allison,Kochl,1998-11-08,Female,akochl32@pcworld.com,(219) 3273315,Loncoche,Chile
112,Kimmi,Style,1962-11-02,Female,kstyle33@nbcnews.com,(156) 4009451,Zengtian,China
113,Eddi,Parradine,1924-08-08,Female,eparradine34@thetimes.co.uk,(474) 9023458,Maghār,Israel
114,Shalne,Sarjant,10/25/1956,Female,ssarjant35@va.gov,(116) 8525913,El Socorro,Honduras
115,Korella,Brennenstuhl,1973-08-03,Female,kbrennenstuhl36@earthlink.net,(998) 7108708,Stockholm,Sweden
116,Lu,Mayfield,1970-04-02,Female,lmayfield37@weibo.com,(497) 6013973,Smečno,Czech Republic
117,Emilio,Gauthorpp,8/20/2002,Male,egauthorpp38@tuttocitta.it,(835) 4815140,Zhuxi,China
118,Trent,Stracey,1995-08-08,Female,tstracey39@blogspot.com,(534) 7158414,Mranggen,Indonesia
119,Jillene,Fillary,1939-07-11,Female,jfillary3a@miitbeian.gov.cn,(632) 8448847,Sremska Mitrovica,Serbia
120,Brien,Borne,9/26/1926,Male,bborne3b@photobucket.com,(454) 7893277,Kesamben,Indonesia
121,Ernie,Vasyuchov,1967-10-07,Male,evasyuchov3c@gnu.org,(503) 8640775,Finote Selam,Ethiopia
122,Christa,Downey,1930-01-02,Female,cdowney3d@berkeley.edu,(419) 9777114,Vila Franca,Portugal
123,Candi,Motion,11/17/1992,Female,cmotion3e@skyrock.com,(654) 9064453,Liuxiang,China
124,Leicester,Ever,2/23/1986,Male,lever3f@purevolume.com,(191) 4936623,Xiangfu,China
125,Berry,Tatam,8/13/1961,Female,btatam3g@cpanel.net,(765) 1594335,Budapest,Hungary
126,Ibrahim,MacDuffie,1997-05-04,Male,imacduffie3h@goodreads.com,(780) 4632748,Mashan,China
127,Orelie,Barok,5/26/2002,Female,obarok3i@walmart.com,(341) 8966282,Rio de Janeiro,Brazil
128,Bendite,Balcers,2/27/1948,Female,bbalcers3j@nymag.com,(541) 6620837,Tola,Nicaragua
129,Brendon,Sivills,1969-05-02,Male,bsivills3k@yellowbook.com,(757) 9882534,Rio de Janeiro,Brazil
130,Katlin,Loftie,3/27/1973,Male,kloftie3l@archive.org,(155) 5237636,Betulia,Colombia
131,Vanessa,Junkinson,3/14/1976,Female,vjunkinson3m@soup.io,(651) 7672791,Guadalupe,Mexico
132,Alasteir,Barnsdall,5/17/1984,Male,abarnsdall3n@wordpress.com,(692) 9085685,Tovarkovskiy,Russia
133,Kinny,Sitlington,5/25/1926,Male,ksitlington3o@cbc.ca,(620) 9061195,Muli,China
134,Jesse,Tootin,5/20/1948,Male,jtootin3p@youku.com,(440) 8905832,Bungkulan,Indonesia
135,Sanford,Cottam,12/17/1986,Male,scottam3q@aol.com,(781) 9357995,Boston,United States
136,Ethe,Zanolli,2/25/1996,Male,ezanolli3r@over-blog.com,(766) 1340402,Masebewa,Indonesia
137,Michaeline,Belsey,1971-04-02,Female,mbelsey3s@flickr.com,(821) 9946009,Albanel,Canada
138,Patrizio,Alelsandrovich,1960-11-04,Male,palelsandrovich3t@mlb.com,(469) 1497747,Rio de Janeiro,Brazil
139,Ann-marie,Clulow,5/24/1954,Female,aclulow3u@usa.gov,(132) 8075925,Sergiyev Posad,Russia
140,Alvina,Ruperto,2/13/1977,Female,aruperto3v@reference.com,(392) 8486919,Tripoli ,Libya
141,Evelyn,Patullo,2002-05-10,Male,epatullo3w@paypal.com,(937) 2672920,Kimovsk,Russia
142,Birgitta,Willavize,1/17/1951,Female,bwillavize3x@bloglines.com,(308) 8395759,Gubengairlangga,Indonesia
143,Obie,Springer,1946-11-02,Male,ospringer3y@barnesandnoble.com,(361) 5136151,Guandian,China
144,Pru,Derges,1936-06-05,Female,pderges3z@apache.org,(925) 9841470,Roubaix,France
145,Celeste,Aneley,5/24/1927,Female,caneley40@msn.com,(840) 6087438,Ballsh,Albania
146,Joeann,Cronkshaw,1993-10-04,Female,jcronkshaw41@arizona.edu,(915) 8554936,El Paso,United States
147,Nora,McCaughen,8/13/1960,Female,nmccaughen42@columbia.edu,(219) 1461428,Gaoliban,China
148,Joelie,Petrelluzzi,2/29/1988,Female,jpetrelluzzi43@ezinearticles.com,(979) 7901824,Monte,Portugal
149,Bo,Artingstall,5/24/1934,Male,bartingstall44@live.com,(511) 7365124,Lelystad,Netherlands
150,Sibelle,Dunnan,1994-05-04,Female,sdunnan45@china.com.cn,(933) 5595347,Hino,Japan
151,Brittney,Causier,6/20/1927,Female,bcausier46@php.net,(517) 2114525,Qulai,China
152,Hasheem,Backe,8/23/1929,Male,hbacke47@scientificamerican.com,(345) 5466712,Huambo,Angola
153,Abrahan,Wenderott,1972-04-11,Male,awenderott48@hc360.com,(325) 7685255,Huangbao,China
154,Elsbeth,Kik,1968-07-04,Female,ekik49@icq.com,(316) 4264941,Mandiana,Guinea
155,Ellen,McKnish,1954-05-10,Female,emcknish4a@scientificamerican.com,(409) 5249339,Paita,Peru
156,Christian,Birtles,1973-05-08,Male,cbirtles4b@salon.com,(765) 3540440,Shalushka,Russia
157,Jordon,Gilbert,10/24/1982,Male,jgilbert4c@eepurl.com,(432) 1437080,Utrecht (stad),Netherlands
158,Gilli,Hollows,2002-08-10,Female,ghollows4d@walmart.com,(331) 8519635,Moshkovo,Russia
159,Rebecca,Sherbrooke,3/22/1947,Female,rsherbrooke4e@unesco.org,(717) 4099130,Lancaster,United States
160,Grace,Teodoro,1990-04-11,Male,gteodoro4f@lulu.com,(576) 6028673,Warsaw,Poland
161,Bobbe,Kelberman,2/21/1952,Female,bkelberman4g@loc.gov,(795) 9544196,Warsaw,Poland
162,Ferguson,Jozefowicz,9/29/2003,Male,fjozefowicz4h@hibu.com,(307) 1251166,Tangping,China
163,Welby,Caccavari,10/31/1940,Male,wcaccavari4i@1688.com,(820) 1830000,Bautista,Philippines
164,Alisander,Harmson,4/29/1983,Male,aharmson4j@reverbnation.com,(350) 3737495,Nova Odessa,Brazil
165,Cairistiona,O'Malley,1932-03-07,Female,comalley4k@so-net.ne.jp,(127) 5093949,Arras,France
166,Jeannette,Lidgerton,2005-12-04,Female,jlidgerton4l@omniture.com,(569) 9585565,Akaa,Finland
167,Norean,Ector,1998-11-09,Female,nector4m@noaa.gov,(967) 3261768,Brasilia,Brazil
168,Evangelin,Gerrit,1942-05-01,Female,egerrit4n@homestead.com,(125) 2285323,Tungipāra,Bangladesh
169,Sherilyn,Peddar,1975-04-01,Female,speddar4o@time.com,(431) 8030167,La Virtud,Honduras
170,Aggie,Durnin,9/24/2004,Female,adurnin4p@ed.gov,(827) 4393506,Okakarara,Namibia
171,Pansie,Bondesen,12/15/1938,Female,pbondesen4q@ebay.co.uk,(787) 3907367,Takari,Indonesia
172,Ede,Painswick,1958-01-06,Female,epainswick4r@de.vu,(586) 2487303,La Plata,Argentina
173,Eldon,Timbridge,4/18/1930,Male,etimbridge4s@cyberchimps.com,(714) 7887494,Lisbon,Portugal
174,Udall,Macvain,5/27/1966,Male,umacvain4t@ocn.ne.jp,(817) 7771452,Nanxinxiang,China
175,Hans,Puckham,1943-08-03,Male,hpuckham4u@google.com,(400) 6016502,Newmarket,Canada
176,Kikelia,Voules,1/18/1936,Female,kvoules4v@unblog.fr,(210) 9485618,Cerme Kidul,Indonesia
177,Nollie,Hiland,4/27/1974,Male,nhiland4w@state.gov,(553) 4529607,Saki,Nigeria
178,Dilly,Bentick,7/31/1934,Male,dbentick4x@yale.edu,(724) 6045085,Novi Vinodolski,Croatia
179,Leonerd,Skarman,1/16/1994,Male,lskarman4y@cbslocal.com,(186) 8113506,Bagalangit,Philippines
180,Cal,Chown,1986-08-06,Female,cchown4z@dmoz.org,(829) 9730489,Ribeiro,Portugal
181,Davie,Thrustle,1/20/1958,Male,dthrustle50@chronoengine.com,(296) 3407686,Nyima,China
182,Cesya,Milne,1957-10-06,Female,cmilne51@hugedomains.com,(741) 3289907,Sungaikupang,Indonesia
183,Virgina,Chamley,1935-01-12,Female,vchamley52@nps.gov,(499) 2274277,Phanat Nikhom,Thailand
184,Valle,Sevin,8/24/2005,Female,vsevin53@typepad.com,(629) 9906204,Wierzchucino,Poland
185,Jocelyne,Litherborough,3/23/1956,Female,jlitherborough54@technorati.com,(250) 4376460,Puncakmanis,Indonesia
186,Candra,Burgett,1937-02-09,Female,cburgett55@wufoo.com,(118) 8628826,Sumberpandan,Indonesia
187,Peggy,Bracher,3/19/1982,Female,pbracher56@soup.io,(208) 6662782,Ningdun,China
188,Doy,Duggon,6/17/1978,Male,dduggon57@geocities.jp,(389) 2124646,Novosibirsk,Russia
189,Ferguson,Dechelle,1995-10-02,Male,fdechelle58@quantcast.com,(263) 5058714,Karangtengah Lor,Indonesia
190,Ayn,Gabbatt,1986-09-12,Female,agabbatt59@hc360.com,(773) 5614839,Chicago,United States
191,Jody,Reichert,1/26/1981,Male,jreichert5a@state.gov,(443) 3008297,Kvasiny,Czech Republic
192,Davis,Stickells,1971-01-03,Male,dstickells5b@hugedomains.com,(292) 9909898,Thap Khlo,Thailand
193,Hilliary,McVee,1938-08-11,Female,hmcvee5c@usgs.gov,(357) 5125346,Barreiras,Brazil
194,Janeczka,McIlenna,9/15/1990,Female,jmcilenna5d@deliciousdays.com,(421) 6907235,Saint-Jean-de-Braye,France
195,Lorraine,Ord,1979-03-07,Female,lord5e@odnoklassniki.ru,(767) 5184678,Lepaterique,Honduras
196,Kennan,Boolsen,4/29/1927,Male,kboolsen5f@engadget.com,(397) 1613802,Pingtang,China
197,Leshia,Marcum,7/15/2002,Female,lmarcum5g@weather.com,(160) 7186625,Baliuag Nuevo,Philippines
198,Kiel,Kuzma,1940-12-10,Male,kkuzma5h@meetup.com,(983) 7823899,Zakynthos ,Greece
199,Stern,Simko,1971-03-01,Male,ssimko5i@ox.ac.uk,(464) 6410153,Brasilia,Brazil
200,Cathrine,Luxon,1949-01-08,Female,cluxon5j@posterous.com,(304) 8657525,Pasarbaru,Indonesia
201,Elihu,Dodswell,2005-05-08,Male,edodswell5k@google.fr,(416) 9411159,B?ziers ,France
202,Reeva,Jacobsohn,10/18/2001,Female,rjacobsohn5l@discuz.net,(878) 9744168,Brasilia,Brazil
203,Emmalyn,Doblin,4/24/1996,Female,edoblin5m@networksolutions.com,(164) 5780939,Radovitskiy,Russia
204,Duffy,Bruggen,11/26/1932,Male,dbruggen5n@gizmodo.com,(110) 2520815,Konče,Macedonia
205,Calley,Mellsop,1972-06-02,Female,cmellsop5o@dropbox.com,(934) 8221075,Tullich,United Kingdom
206,Jean,Pettus,1931-04-05,Female,jpettus5p@independent.co.uk,(630) 5085143,Mabu,China
207,Rickie,Meijer,10/23/1968,Female,rmeijer5q@freewebs.com,(386) 4641453,Solna,Sweden
208,Melva,Tillyer,8/27/1945,Female,mtillyer5r@youtu.be,(209) 3640004,Werangere,Indonesia
209,Allix,Sutherley,11/23/1967,Female,asutherley5s@g.co,(569) 5034849,Balut,Philippines
210,Renaldo,Beckinsale,1935-11-04,Male,rbeckinsale5t@tamu.edu,(442) 2177463,Paseyan,Indonesia
211,Olga,Caulkett,1988-05-10,Female,ocaulkett5u@ning.com,(290) 9988572,Buenos Aires°,Argentina
212,Alric,Tapton,9/18/1958,Male,atapton5v@dot.gov,(190) 9234848,Pingshan,China
213,Tabbie,Foch,8/16/1979,Male,tfoch5w@pbs.org,(879) 5252037,Quelimane,Mozambique
214,Waylon,Fretwell,9/22/2004,Male,wfretwell5x@ask.com,(468) 2968871,San Roque,Philippines
215,Micky,Halley,11/26/1996,Male,mhalley5y@prlog.org,(149) 7704031,Torzhok,Russia
216,Barbe,Long,3/15/1953,Female,blong5z@examiner.com,(834) 7003582,Sihai,China
217,Griz,Crafts,1/26/1966,Male,gcrafts60@diigo.com,(476) 6977316,Osby,Sweden
218,Merle,Drieu,12/25/1977,Male,mdrieu61@godaddy.com,(741) 3016571,Kalej,Poland
219,Barny,Newlands,6/30/1998,Male,bnewlands62@networksolutions.com,(676) 5367709,Huainan,China
220,Berni,Rodnight,1966-07-04,Male,brodnight63@ycombinator.com,(509) 4703131,Lisewo,Poland
221,Enos,Penrice,5/21/1964,Male,epenrice64@aboutads.info,(647) 9242514,Candelaria,Philippines
222,Borg,Chrstine,7/18/1941,Male,bchrstine65@bluehost.com,(342) 2052145,Ferreiros,Portugal
223,Herve,Hesey,3/18/1963,Male,hhesey66@constantcontact.com,(658) 3192401,Moscow ,Russia
224,Joanie,Stilgo,10/27/1998,Female,jstilgo67@homestead.com,(350) 4687255,Nakatsugawa,Japan
225,Dom,Dykins,1987-11-08,Male,ddykins68@sciencedaily.com,(982) 9058106,Bungalaleng,Indonesia
226,Lowrance,Ramsay,1942-02-02,Male,lramsay69@fema.gov,(496) 7781865,Narva,Estonia
227,Marc,Luther,2/18/1948,Male,mluther6a@privacy.gov.au,(279) 8965117,Fr?dlant ,Czech Republic
228,Spense,Cansfield,7/25/1974,Male,scansfield6b@google.nl,(201) 6946101,Sanyi,China
229,Weidar,Perassi,8/17/1997,Male,wperassi6c@live.com,(705) 1161376,Orange,France
230,Benedict,Kenworthey,9/16/1943,Male,bkenworthey6d@creativecommons.org,(379) 3617731,Katowice,Poland
231,Avril,Bragger,11/18/1974,Female,abragger6e@usatoday.com,(320) 9826827,Ranchuelo,Cuba
232,Tally,Gally,2003-03-04,Male,tgally6f@cafepress.com,(585) 5023902,Chengqiao,China
233,Karlik,Wey,5/15/1998,Male,kwey6g@webeden.co.uk,(850) 3544322,Helixi,China
234,Clay,Taplow,1/24/2002,Male,ctaplow6h@jigsy.com,(445) 2572381,Xiushan,China
235,Seward,Britcher,11/28/1989,Male,sbritcher6i@a8.net,(455) 2659074,Le Bardo,Tunisia
236,Kristel,Mc Ilory,4/24/1951,Female,kmcilory6j@archive.org,(674) 2252377,Tsybulevka,Ukraine
237,Marjy,Boodell,1939-10-03,Female,mboodell6k@smh.com.au,(153) 1115947,Paris ,France
238,Robin,Skinner,9/21/1979,Male,rskinner6l@sbwire.com,(274) 7178854,Bidikotak,Indonesia
239,Josh,Addy,2005-08-04,Male,jaddy6m@list-manage.com,(401) 4958649,Strassen,Luxembourg
240,Nichole,Hilliam,1991-10-11,Female,nhilliam6n@ted.com,(919) 2232786,Terny,Ukraine
241,Alley,Hallbord,9/27/1932,Male,ahallbord6o@uiuc.edu,(745) 8938872,Gaya,Niger
242,Magda,Wormell,10/18/1955,Female,mwormell6p@typepad.com,(552) 7630407,Sulengwaseng,Indonesia
243,Conrado,Stammirs,1987-04-05,Male,cstammirs6q@google.com.au,(239) 9122929,Paseka,Czech Republic
244,Erek,Fassmann,5/14/1986,Male,efassmann6r@sohu.com,(379) 7685296,Xiluo,China
245,Shelagh,Jaycox,1999-03-05,Female,sjaycox6s@google.es,(560) 8987769,Selianítika,Greece
246,Fiorenze,Gymblett,2/18/1983,Female,fgymblett6t@cisco.com,(673) 1003942,Tundagan,Indonesia
247,Celinka,Sawood,10/15/1939,Female,csawood6u@bbb.org,(153) 2065788,Botucatu,Brazil
248,Shelby,Dear,6/17/1973,Male,sdear6v@bizjournals.com,(759) 1911259,Torbeyevo,Russia
249,Toma,Coo,8/30/1927,Female,tcoo6w@usnews.com,(532) 3487553,Sandaogou,China
250,Loydie,Bonnesen,1996-06-07,Male,lbonnesen6x@scientificamerican.com,(737) 7183169,Dijon,France
